scenario_id,fault,run_id,seed,timestamp_s,localization_confidence,lidar_age_ms,cross_modal_consistency,obstacle_distance_m,speed_mps,comm_age_ms,fallback_available,fault_active,scenario_oracle_positive
localization_drift,localization_drift,localization_drift-s401,401,0.000000,0.927324,48.107500,0.934333,11.936345,2.106790,64.552385,true,false,false
localization_drift,localization_drift,localization_drift-s401,401,0.100000,0.947404,46.707710,0.926867,11.951239,2.125625,109.014505,true,false,false
localization_drift,localization_drift,localization_drift-s401,401,0.200000,0.937884,45.551293,0.920727,11.957373,2.101539,77.639228,true,false,false
localization_drift,localization_drift,localization_drift-s401,401,0.300000,0.922784,32.377137,0.933037,12.009217,2.100661,70.894723,true,false,false
localization_drift,localization_drift,localization_drift-s401,401,0.400000,0.931400,47.263803,0.909306,12.031226,2.086357,80.842858,true,false,false
localization_drift,localization_drift,localization_drift-s401,401,0.500000,0.937379,62.220244,0.941892,12.020687,2.121881,59.173965,true,false,false
localization_drift,localization_drift,localization_drift-s401,401,0.600000,0.940363,42.724673,0.917859,12.086375,2.085808,77.230149,true,false,false
localization_drift,localization_drift,localization_drift-s401,401,0.700000,0.958620,41.422584,0.911048,12.094174,2.106340,56.111024,true,false,false
localization_drift,localization_drift,localization_drift-s401,401,0.800000,0.951937,50.348901,0.947620,12.072492,2.136636,76.816018,true,false,false
localization_drift,localization_drift,localization_drift-s401,401,0.900000,0.914519,40.576292,0.917922,12.090013,2.094408,68.641309,true,false,false
localization_drift,localization_drift,localization_drift-s401,401,1.000000,0.926711,36.063229,0.901776,12.124226,2.140487,74.257121,true,false,false
localization_drift,localization_drift,localization_drift-s401,401,1.100000,0.954875,51.189322,0.937220,12.158206,2.156216,64.760906,true,false,false
localization_drift,localization_drift,localization_drift-s401,401,1.200000,0.930550,39.014881,0.924026,12.103803,2.167275,86.789084,true,false,false
localization_drift,localization_drift,localization_drift-s401,401,1.300000,0.946714,43.796139,0.926142,12.156061,2.140292,57.285755,true,false,false
localization_drift,localization_drift,localization_drift-s401,401,1.400000,0.946343,48.486553,0.957872,12.187165,2.144105,77.769171,true,false,false
localization_drift,localization_drift,localization_drift-s401,401,1.500000,0.953651,29.064360,0.933196,12.120866,2.152042,73.493211,true,false,false
localization_drift,localization_drift,localization_drift-s401,401,1.600000,0.944681,48.021379,0.963672,12.163731,2.099517,81.467405,true,false,false
localization_drift,localization_drift,localization_drift-s401,401,1.700000,0.932128,55.761344,0.925512,12.115696,2.144437,77.815221,true,false,false
localization_drift,localization_drift,localization_drift-s401,401,1.800000,0.942115,44.655187,0.907224,12.136445,2.151053,69.767990,true,false,false
localization_drift,localization_drift,localization_drift-s401,401,1.900000,0.925905,55.521718,0.909018,12.133854,2.166309,105.040923,true,false,false
localization_drift,localization_drift,localization_drift-s401,401,2.000000,0.938947,46.947672,0.911295,12.198458,2.160328,76.539378,true,false,false
localization_drift,localization_drift,localization_drift-s401,401,2.100000,0.942887,43.076296,0.911982,12.194760,2.198615,59.670868,true,false,false
localization_drift,localization_drift,localization_drift-s401,401,2.200000,0.932516,51.337107,0.881519,12.219922,2.166664,83.788884,true,false,false
localization_drift,localization_drift,localization_drift-s401,401,2.300000,0.952472,59.947508,0.931657,12.230038,2.183320,49.947049,true,false,false
localization_drift,localization_drift,localization_drift-s401,401,2.400000,0.905801,58.901184,0.964525,12.180221,2.153314,86.859136,true,false,false
localization_drift,localization_drift,localization_drift-s401,401,2.500000,0.937982,41.435055,0.935803,12.196925,2.166776,55.681574,true,false,false
localization_drift,localization_drift,localization_drift-s401,401,2.600000,0.961527,40.882967,0.910108,12.167044,2.158278,61.897165,true,false,false
localization_drift,localization_drift,localization_drift-s401,401,2.700000,0.930098,33.175669,0.890504,12.228614,2.123562,95.153532,true,false,false
localization_drift,localization_drift,localization_drift-s401,401,2.800000,0.936450,44.675863,0.900059,12.250613,2.138844,95.542931,true,false,false
localization_drift,localization_drift,localization_drift-s401,401,2.900000,0.907901,48.952283,0.915293,12.211194,2.193453,72.808369,true,false,false
localization_drift,localization_drift,localization_drift-s401,401,3.000000,0.918463,44.885023,0.907462,12.266822,2.187617,75.179632,true,false,false
localization_drift,localization_drift,localization_drift-s401,401,3.100000,0.952678,43.862156,0.912239,12.250380,2.191624,78.461840,true,false,false
localization_drift,localization_drift,localization_drift-s401,401,3.200000,0.925480,46.451641,0.891592,12.256649,2.186806,99.211354,true,false,false
localization_drift,localization_drift,localization_drift-s401,401,3.300000,0.941227,51.942886,0.922621,12.228187,2.158498,91.634166,true,false,false
localization_drift,localization_drift,localization_drift-s401,401,3.400000,0.930982,46.207093,0.929599,12.281218,2.147962,60.734898,true,false,false
localization_drift,localization_drift,localization_drift-s401,401,3.500000,0.932381,46.924104,0.896945,12.227264,2.187019,89.286021,true,false,false
localization_drift,localization_drift,localization_drift-s401,401,3.600000,0.958127,45.795199,0.917927,12.304700,2.158086,63.778951,true,false,false
localization_drift,localization_drift,localization_drift-s401,401,3.700000,0.932963,51.123021,0.929410,12.266598,2.157146,71.617219,true,false,false
localization_drift,localization_drift,localization_drift-s401,401,3.800000,0.931017,45.624101,0.934872,12.323518,2.197126,99.368545,true,false,false
localization_drift,localization_drift,localization_drift-s401,401,3.900000,0.948472,46.893457,0.900572,12.301046,2.111838,74.553924,true,false,false
localization_drift,localization_drift,localization_drift-s401,401,4.000000,0.944448,51.347598,0.957496,12.272354,2.190752,88.688622,true,false,false
localization_drift,localization_drift,localization_drift-s401,401,4.100000,0.940366,24.602513,0.935036,12.303424,2.195631,67.722548,true,false,false
localization_drift,localization_drift,localization_drift-s401,401,4.200000,0.915469,60.568968,0.924881,12.280210,2.150760,69.711216,true,false,false
localization_drift,localization_drift,localization_drift-s401,401,4.300000,0.943172,56.081035,0.941184,12.355921,2.165237,68.624244,true,false,false
localization_drift,localization_drift,localization_drift-s401,401,4.400000,0.925647,61.711614,0.905964,12.323433,2.181960,72.618724,true,false,false
localization_drift,localization_drift,localization_drift-s401,401,4.500000,0.936593,39.307586,0.932132,12.284969,2.205885,55.421470,true,false,false
localization_drift,localization_drift,localization_drift-s401,401,4.600000,0.922163,47.029925,0.905098,12.348030,2.182641,65.018888,true,false,false
localization_drift,localization_drift,localization_drift-s401,401,4.700000,0.961931,36.743247,0.921063,12.320735,2.137388,74.320341,true,false,false
localization_drift,localization_drift,localization_drift-s401,401,4.800000,0.935201,38.267760,0.917349,12.303305,2.220190,97.344479,true,false,false
localization_drift,localization_drift,localization_drift-s401,401,4.900000,0.948560,49.340416,0.911470,12.346830,2.228117,69.414591,true,false,false
localization_drift,localization_drift,localization_drift-s401,401,5.000000,0.927776,51.832781,0.918784,12.356583,2.175364,70.216002,true,false,false
localization_drift,localization_drift,localization_drift-s401,401,5.100000,0.928130,45.081396,0.912448,12.324904,2.184372,69.142756,true,false,false
localization_drift,localization_drift,localization_drift-s401,401,5.200000,0.942995,51.306806,0.928807,12.397549,2.178190,69.192157,true,false,false
localization_drift,localization_drift,localization_drift-s401,401,5.300000,0.941208,53.602851,0.936869,12.322068,2.196216,40.877671,true,false,false
localization_drift,localization_drift,localization_drift-s401,401,5.400000,0.934182,56.751509,0.942863,12.329697,2.165895,80.574279,true,false,false
localization_drift,localization_drift,localization_drift-s401,401,5.500000,0.920647,48.043087,0.891257,12.376317,2.158807,105.520277,true,false,false
localization_drift,localization_drift,localization_drift-s401,401,5.600000,0.949278,40.917944,0.913406,12.405063,2.190623,68.532396,true,false,false
localization_drift,localization_drift,localization_drift-s401,401,5.700000,0.952469,55.193340,0.901932,12.329854,2.173979,60.345235,true,false,false
localization_drift,localization_drift,localization_drift-s401,401,5.800000,0.948750,46.698076,0.907923,12.351658,2.177777,81.324235,true,false,false
localization_drift,localization_drift,localization_drift-s401,401,5.900000,0.933411,52.297971,0.922393,12.279685,2.124479,69.001946,true,false,false
localization_drift,localization_drift,localization_drift-s401,401,6.000000,0.945854,56.801892,0.901710,12.322774,2.174426,73.862135,true,false,false
localization_drift,localization_drift,localization_drift-s401,401,6.100000,0.932098,59.071419,0.904254,12.304070,2.162868,81.525445,true,false,false
localization_drift,localization_drift,localization_drift-s401,401,6.200000,0.929647,46.472725,0.916270,12.346831,2.162891,89.141562,true,false,false
localization_drift,localization_drift,localization_drift-s401,401,6.300000,0.939146,39.313623,0.905938,12.293044,2.152794,80.770540,true,false,false
localization_drift,localization_drift,localization_drift-s401,401,6.400000,0.930819,36.866413,0.923166,12.359898,2.117371,77.505946,true,false,false
localization_drift,localization_drift,localization_drift-s401,401,6.500000,0.924638,46.251079,0.928757,12.314713,2.133656,84.275015,true,false,false
localization_drift,localization_drift,localization_drift-s401,401,6.600000,0.939680,48.420293,0.891463,12.329088,2.188778,78.147598,true,false,false
localization_drift,localization_drift,localization_drift-s401,401,6.700000,0.951202,38.966361,0.908395,12.423945,2.142721,68.358924,true,false,false
localization_drift,localization_drift,localization_drift-s401,401,6.800000,0.922603,35.545658,0.926981,12.391257,2.125707,85.531086,true,false,false
localization_drift,localization_drift,localization_drift-s401,401,6.900000,0.933095,54.256656,0.920155,12.352905,2.160709,83.201546,true,false,false
localization_drift,localization_drift,localization_drift-s401,401,7.000000,0.951725,34.819273,0.959648,12.359966,2.140806,94.163675,true,false,false
localization_drift,localization_drift,localization_drift-s401,401,7.100000,0.943750,41.713834,0.874430,12.354475,2.145749,66.973816,true,false,false
localization_drift,localization_drift,localization_drift-s401,401,7.200000,0.950441,38.742150,0.924211,12.359148,2.178093,71.898320,true,false,false
localization_drift,localization_drift,localization_drift-s401,401,7.300000,0.928957,36.429874,0.892730,12.395644,2.127711,105.742712,true,false,false
localization_drift,localization_drift,localization_drift-s401,401,7.400000,0.951483,48.610329,0.910944,12.317283,2.122444,80.767331,true,false,false
localization_drift,localization_drift,localization_drift-s401,401,7.500000,0.933205,48.401234,0.913501,12.312241,2.153092,39.324196,true,false,false
localization_drift,localization_drift,localization_drift-s401,401,7.600000,0.924321,46.833745,0.892944,12.364382,2.166429,66.657942,true,false,false
localization_drift,localization_drift,localization_drift-s401,401,7.700000,0.942980,35.350454,0.929351,12.309343,2.157569,78.523209,true,false,false
localization_drift,localization_drift,localization_drift-s401,401,7.800000,0.965615,69.151260,0.924892,12.318328,2.167381,72.278250,true,false,false
localization_drift,localization_drift,localization_drift-s401,401,7.900000,0.953485,44.895004,0.911752,12.331926,2.122985,83.384268,true,false,false
localization_drift,localization_drift,localization_drift-s401,401,8.000000,0.956184,48.346306,0.918749,12.373260,2.084166,67.964090,true,false,false
localization_drift,localization_drift,localization_drift-s401,401,8.100000,0.922678,50.645106,0.929532,12.370956,2.158450,74.364035,true,false,false
localization_drift,localization_drift,localization_drift-s401,401,8.200000,0.939352,54.841149,0.918953,12.328316,2.137081,77.532779,true,false,false
localization_drift,localization_drift,localization_drift-s401,401,8.300000,0.940482,51.337705,0.941989,12.353628,2.128629,95.490665,true,false,false
localization_drift,localization_drift,localization_drift-s401,401,8.400000,0.945552,51.737573,0.936463,12.293412,2.149426,60.902108,true,false,false
localization_drift,localization_drift,localization_drift-s401,401,8.500000,0.944909,46.487542,0.926531,12.246008,2.136369,105.704139,true,false,false
localization_drift,localization_drift,localization_drift-s401,401,8.600000,0.936597,47.680653,0.942739,12.211375,2.140770,76.490664,true,false,false
localization_drift,localization_drift,localization_drift-s401,401,8.700000,0.936601,39.883654,0.951768,12.269186,2.122745,100.636526,true,false,false
localization_drift,localization_drift,localization_drift-s401,401,8.800000,0.935302,37.508154,0.900270,12.180684,2.137945,67.045125,true,false,false
localization_drift,localization_drift,localization_drift-s401,401,8.900000,0.955768,44.392155,0.958249,12.331127,2.151686,98.743385,true,false,false
localization_drift,localization_drift,localization_drift-s401,401,9.000000,0.937375,42.499946,0.944626,12.250046,2.079993,82.693969,true,false,false
localization_drift,localization_drift,localization_drift-s401,401,9.100000,0.964430,64.615847,0.935376,12.278039,2.089678,93.388591,true,false,false
localization_drift,localization_drift,localization_drift-s401,401,9.200000,0.947676,47.110557,0.908693,12.232465,2.161150,71.309748,true,false,false
localization_drift,localization_drift,localization_drift-s401,401,9.300000,0.950874,58.624683,0.897046,12.299348,2.075880,74.617377,true,false,false
localization_drift,localization_drift,localization_drift-s401,401,9.400000,0.929044,49.560404,0.951140,12.253605,2.066254,91.124805,true,false,false
localization_drift,localization_drift,localization_drift-s401,401,9.500000,0.924230,41.303319,0.932173,12.238550,2.120406,104.978600,true,false,false
localization_drift,localization_drift,localization_drift-s401,401,9.600000,0.962152,50.419415,0.907847,12.274437,2.096009,54.757755,true,false,false
localization_drift,localization_drift,localization_drift-s401,401,9.700000,0.940570,46.175013,0.929663,12.209252,2.106551,62.508208,true,false,false
localization_drift,localization_drift,localization_drift-s401,401,9.800000,0.944527,53.082115,0.895526,12.189614,2.071525,79.626407,true,false,false
localization_drift,localization_drift,localization_drift-s401,401,9.900000,0.924560,52.132333,0.902598,12.220964,2.109876,78.097484,true,false,false
localization_drift,localization_drift,localization_drift-s401,401,10.000000,0.928537,34.079176,0.945832,12.203040,2.082836,68.555275,true,false,false
localization_drift,localization_drift,localization_drift-s401,401,10.100000,0.940805,41.786621,0.910260,12.135325,2.059866,67.568149,true,false,false
localization_drift,localization_drift,localization_drift-s401,401,10.200000,0.935934,41.633382,0.926303,12.136363,2.095694,65.455056,true,false,false
localization_drift,localization_drift,localization_drift-s401,401,10.300000,0.916605,45.025422,0.882765,12.183311,2.065605,38.969004,true,false,false
localization_drift,localization_drift,localization_drift-s401,401,10.400000,0.935749,44.942943,0.933639,12.221780,2.031992,76.090064,true,false,false
localization_drift,localization_drift,localization_drift-s401,401,10.500000,0.937157,31.725173,0.911874,12.183781,2.093616,80.754291,true,false,false
localization_drift,localization_drift,localization_drift-s401,401,10.600000,0.949285,34.754742,0.942872,12.168265,2.108605,93.095524,true,false,false
localization_drift,localization_drift,localization_drift-s401,401,10.700000,0.939672,42.625932,0.920464,12.154030,2.050780,92.355455,true,false,false
localization_drift,localization_drift,localization_drift-s401,401,10.800000,0.926624,52.385336,0.908197,12.152096,2.079686,77.305694,true,false,false
localization_drift,localization_drift,localization_drift-s401,401,10.900000,0.956304,52.706904,0.919201,12.120385,2.089538,97.844757,true,false,false
localization_drift,localization_drift,localization_drift-s401,401,11.000000,0.939357,46.584155,0.925993,12.157667,2.070402,86.052824,true,false,false
localization_drift,localization_drift,localization_drift-s401,401,11.100000,0.960005,43.045250,0.919791,12.128255,2.020362,102.730908,true,false,false
localization_drift,localization_drift,localization_drift-s401,401,11.200000,0.949630,59.954477,0.900379,12.076973,2.028952,77.060995,true,false,false
localization_drift,localization_drift,localization_drift-s401,401,11.300000,0.935154,45.619494,0.887231,12.128648,2.068696,87.839097,true,false,false
localization_drift,localization_drift,localization_drift-s401,401,11.400000,0.961277,51.607461,0.902674,12.059287,2.034281,77.902704,true,false,false
localization_drift,localization_drift,localization_drift-s401,401,11.500000,0.948786,46.209861,0.942319,12.122556,2.024993,91.282701,true,false,false
localization_drift,localization_drift,localization_drift-s401,401,11.600000,0.952284,48.608976,0.940337,12.040820,2.054117,79.358082,true,false,false
localization_drift,localization_drift,localization_drift-s401,401,11.700000,0.934128,44.342985,0.955792,12.084171,2.081956,56.980814,true,false,false
localization_drift,localization_drift,localization_drift-s401,401,11.800000,0.938703,52.358930,0.921636,12.065438,2.027497,88.301039,true,false,false
localization_drift,localization_drift,localization_drift-s401,401,11.900000,0.917068,49.252819,0.903736,12.045123,2.054295,63.196365,true,false,false
localization_drift,localization_drift,localization_drift-s401,401,12.000000,0.927043,41.490717,0.932656,12.034964,2.055114,76.329165,true,false,false
localization_drift,localization_drift,localization_drift-s401,401,12.100000,0.929188,43.423238,0.929183,12.060881,2.058161,75.560510,true,false,false
localization_drift,localization_drift,localization_drift-s401,401,12.200000,0.933406,43.193879,0.906087,12.146641,2.032791,91.117878,true,false,false
localization_drift,localization_drift,localization_drift-s401,401,12.300000,0.943532,41.903677,0.935847,11.969036,2.012737,88.810150,true,false,false
localization_drift,localization_drift,localization_drift-s401,401,12.400000,0.934235,56.883859,0.919583,11.934502,2.072578,67.505660,true,false,false
localization_drift,localization_drift,localization_drift-s401,401,12.500000,0.955242,57.316070,0.932745,11.997930,1.981853,85.021699,true,false,false
localization_drift,localization_drift,localization_drift-s401,401,12.600000,0.942112,44.146481,0.902941,11.944588,2.044945,83.978834,true,false,false
localization_drift,localization_drift,localization_drift-s401,401,12.700000,0.949349,43.764069,0.936006,11.925529,2.022861,36.785243,true,false,false
localization_drift,localization_drift,localization_drift-s401,401,12.800000,0.950821,56.536376,0.925006,11.997237,2.003754,58.587914,true,false,false
localization_drift,localization_drift,localization_drift-s401,401,12.900000,0.932354,47.154214,0.913053,11.979880,2.011561,58.919857,true,false,false
localization_drift,localization_drift,localization_drift-s401,401,13.000000,0.913525,49.313558,0.938410,11.975245,2.003923,82.295129,true,false,false
localization_drift,localization_drift,localization_drift-s401,401,13.100000,0.939889,49.675351,0.927803,12.018773,2.026106,77.480722,true,false,false
localization_drift,localization_drift,localization_drift-s401,401,13.200000,0.941572,49.156236,0.910948,11.970303,2.070776,66.468917,true,false,false
localization_drift,localization_drift,localization_drift-s401,401,13.300000,0.926373,50.909701,0.908205,11.895442,2.047591,60.054185,true,false,false
localization_drift,localization_drift,localization_drift-s401,401,13.400000,0.908673,47.288322,0.919603,11.837481,2.007001,65.312636,true,false,false
localization_drift,localization_drift,localization_drift-s401,401,13.500000,0.939404,57.326314,0.916093,11.935476,2.044440,63.594831,true,false,false
localization_drift,localization_drift,localization_drift-s401,401,13.600000,0.953859,50.415861,0.916761,11.895869,2.036323,60.702999,true,false,false
localization_drift,localization_drift,localization_drift-s401,401,13.700000,0.933318,52.952534,0.935285,11.878240,2.047319,82.345846,true,false,false
localization_drift,localization_drift,localization_drift-s401,401,13.800000,0.928242,52.480972,0.926724,11.930636,2.062782,83.072995,true,false,false
localization_drift,localization_drift,localization_drift-s401,401,13.900000,0.952193,35.395603,0.906333,11.929456,2.027482,97.779292,true,false,false
localization_drift,localization_drift,localization_drift-s401,401,14.000000,0.943103,38.907723,0.949747,11.904526,2.022679,108.499052,true,false,false
localization_drift,localization_drift,localization_drift-s401,401,14.100000,0.949476,47.584406,0.940362,11.933183,2.020800,80.943110,true,false,false
localization_drift,localization_drift,localization_drift-s401,401,14.200000,0.958408,38.172573,0.938050,11.809713,2.052934,81.158428,true,false,false
localization_drift,localization_drift,localization_drift-s401,401,14.300000,0.961277,37.487226,0.923643,11.837543,2.055361,64.321896,true,false,false
localization_drift,localization_drift,localization_drift-s401,401,14.400000,0.942814,55.903408,0.943141,11.810941,2.008648,73.029853,true,false,false
localization_drift,localization_drift,localization_drift-s401,401,14.500000,0.924056,47.975997,0.922535,11.804861,2.081989,94.457990,true,false,false
localization_drift,localization_drift,localization_drift-s401,401,14.600000,0.947721,43.038317,0.935549,11.778647,2.052221,68.514473,true,false,false
localization_drift,localization_drift,localization_drift-s401,401,14.700000,0.941890,48.551629,0.947487,11.889638,2.050332,86.957708,true,false,false
localization_drift,localization_drift,localization_drift-s401,401,14.800000,0.939941,41.888307,0.893330,11.849080,2.063520,67.662874,true,false,false
localization_drift,localization_drift,localization_drift-s401,401,14.900000,0.938714,55.824301,0.884907,11.830390,2.052179,57.305781,true,false,false
localization_drift,localization_drift,localization_drift-s401,401,15.000000,0.931033,49.547068,0.932637,11.912922,1.976559,71.687596,true,false,false
localization_drift,localization_drift,localization_drift-s401,401,15.100000,0.944899,50.456953,0.899901,11.765211,1.996125,62.000913,true,false,false
localization_drift,localization_drift,localization_drift-s401,401,15.200000,0.944205,40.625993,0.918359,11.810602,2.046057,68.449066,true,false,false
localization_drift,localization_drift,localization_drift-s401,401,15.300000,0.923628,54.532264,0.924706,11.749031,2.005824,89.228389,true,false,false
localization_drift,localization_drift,localization_drift-s401,401,15.400000,0.935899,44.537532,0.932142,11.856658,2.073930,62.278581,true,false,false
localization_drift,localization_drift,localization_drift-s401,401,15.500000,0.944243,39.208765,0.863072,11.821565,2.047606,83.892015,true,false,false
localization_drift,localization_drift,localization_drift-s401,401,15.600000,0.924177,66.221952,0.900285,11.783560,2.063794,77.084872,true,false,false
localization_drift,localization_drift,localization_drift-s401,401,15.700000,0.929542,51.339980,0.914963,11.707162,2.025377,83.189555,true,false,false
localization_drift,localization_drift,localization_drift-s401,401,15.800000,0.917568,43.882335,0.902822,11.712510,2.064660,103.055232,true,false,false
localization_drift,localization_drift,localization_drift-s401,401,15.900000,0.948855,55.638711,0.899668,11.723546,2.021234,90.587763,true,false,false
localization_drift,localization_drift,localization_drift-s401,401,16.000000,0.926156,47.065533,0.906976,11.778417,2.041623,59.541832,true,false,false
localization_drift,localization_drift,localization_drift-s401,401,16.100000,0.942078,33.687731,0.873063,11.742873,2.035622,61.819786,true,false,false
localization_drift,localization_drift,localization_drift-s401,401,16.200000,0.922394,37.457927,0.934423,11.694919,2.057911,86.635831,true,false,false
localization_drift,localization_drift,localization_drift-s401,401,16.300000,0.943528,48.416542,0.922949,11.679565,2.058114,94.558117,true,false,false
localization_drift,localization_drift,localization_drift-s401,401,16.400000,0.912706,59.883943,0.919531,11.756628,2.011505,78.235526,true,false,false
localization_drift,localization_drift,localization_drift-s401,401,16.500000,0.947586,50.677739,0.890984,11.676461,2.024628,63.690823,true,false,false
localization_drift,localization_drift,localization_drift-s401,401,16.600000,0.940007,40.380746,0.934321,11.648474,2.047059,75.489212,true,false,false
localization_drift,localization_drift,localization_drift-s401,401,16.700000,0.949128,45.676089,0.924345,11.734180,2.059786,85.643827,true,false,false
localization_drift,localization_drift,localization_drift-s401,401,16.800000,0.914553,45.135868,0.893628,11.706656,2.117402,82.452061,true,false,false
localization_drift,localization_drift,localization_drift-s401,401,16.900000,0.944869,50.006643,0.905165,11.747941,2.054972,97.746795,true,false,false
localization_drift,localization_drift,localization_drift-s401,401,17.000000,0.951957,52.100176,0.904900,11.623448,2.055759,50.548300,true,false,false
localization_drift,localization_drift,localization_drift-s401,401,17.100000,0.928865,53.787181,0.888605,11.702682,2.018287,73.877988,true,false,false
localization_drift,localization_drift,localization_drift-s401,401,17.200000,0.933146,49.301014,0.926272,11.645807,2.016178,66.717400,true,false,false
localization_drift,localization_drift,localization_drift-s401,401,17.300000,0.946036,40.009064,0.896331,11.648528,2.041279,80.680877,true,false,false
localization_drift,localization_drift,localization_drift-s401,401,17.400000,0.937350,55.418963,0.954925,11.697690,2.051716,63.195236,true,false,false
localization_drift,localization_drift,localization_drift-s401,401,17.500000,0.946924,51.962385,0.921592,11.685071,2.042218,86.613554,true,false,false
localization_drift,localization_drift,localization_drift-s401,401,17.600000,0.937504,53.563818,0.929383,11.707992,1.985901,77.372184,true,false,false
localization_drift,localization_drift,localization_drift-s401,401,17.700000,0.949407,41.736775,0.914693,11.686722,2.120597,96.487888,true,false,false
localization_drift,localization_drift,localization_drift-s401,401,17.800000,0.934382,47.514791,0.902580,11.593917,2.077090,75.852717,true,false,false
localization_drift,localization_drift,localization_drift-s401,401,17.900000,0.968939,53.071342,0.932977,11.678346,2.076800,66.954114,true,false,false
localization_drift,localization_drift,localization_drift-s401,401,18.000000,0.938273,38.100653,0.946677,11.640444,2.060100,61.848614,true,false,false
localization_drift,localization_drift,localization_drift-s401,401,18.100000,0.931395,42.961533,0.914579,11.620052,2.033888,95.158278,true,false,false
localization_drift,localization_drift,localization_drift-s401,401,18.200000,0.932648,49.881328,0.939624,11.574120,2.087582,82.816461,true,false,false
localization_drift,localization_drift,localization_drift-s401,401,18.300000,0.936516,55.971212,0.913292,11.681391,2.153228,66.817669,true,false,false
localization_drift,localization_drift,localization_drift-s401,401,18.400000,0.930507,49.379019,0.891860,11.697241,2.084816,88.921630,true,false,false
localization_drift,localization_drift,localization_drift-s401,401,18.500000,0.953857,53.612745,0.917502,11.662624,2.046369,64.331117,true,false,false
localization_drift,localization_drift,localization_drift-s401,401,18.600000,0.938288,46.807536,0.898728,11.617835,2.108568,76.347156,true,false,false
localization_drift,localization_drift,localization_drift-s401,401,18.700000,0.937057,39.407164,0.930461,11.691070,2.102068,52.570343,true,false,false
localization_drift,localization_drift,localization_drift-s401,401,18.800000,0.924803,42.351051,0.950071,11.663788,2.097756,49.781853,true,false,false
localization_drift,localization_drift,localization_drift-s401,401,18.900000,0.942756,57.255321,0.916889,11.690434,2.077503,67.741062,true,false,false
localization_drift,localization_drift,localization_drift-s401,401,19.000000,0.959339,47.881554,0.933795,11.652469,2.098727,70.330223,true,false,false
localization_drift,localization_drift,localization_drift-s401,401,19.100000,0.931138,50.203447,0.900467,11.686501,2.152142,65.109379,true,false,false
localization_drift,localization_drift,localization_drift-s401,401,19.200000,0.952974,45.819970,0.934745,11.602766,2.085625,86.348927,true,false,false
localization_drift,localization_drift,localization_drift-s401,401,19.300000,0.926188,41.318429,0.939687,11.682309,2.105934,67.828744,true,false,false
localization_drift,localization_drift,localization_drift-s401,401,19.400000,0.951161,38.393840,0.929267,11.713606,2.088251,54.512129,true,false,false
localization_drift,localization_drift,localization_drift-s401,401,19.500000,0.925131,56.692758,0.925574,11.599560,2.085561,82.784139,true,false,false
localization_drift,localization_drift,localization_drift-s401,401,19.600000,0.926082,46.516669,0.909415,11.680943,2.115085,75.519378,true,false,false
localization_drift,localization_drift,localization_drift-s401,401,19.700000,0.935909,50.058156,0.915929,11.637006,2.103725,82.567135,true,false,false
localization_drift,localization_drift,localization_drift-s401,401,19.800000,0.937273,53.995143,0.950314,11.623835,2.144329,77.547315,true,false,false
localization_drift,localization_drift,localization_drift-s401,401,19.900000,0.920065,42.628705,0.928932,11.617129,2.142915,82.109546,true,false,false
localization_drift,localization_drift,localization_drift-s401,401,20.000000,0.927975,41.616652,0.919427,11.710447,2.077645,74.349716,true,true,false
localization_drift,localization_drift,localization_drift-s401,401,20.100000,0.918401,45.990766,0.886035,11.577241,2.051264,81.579335,true,true,false
localization_drift,localization_drift,localization_drift-s401,401,20.200000,0.878129,40.631028,0.908912,11.718247,2.161831,59.627562,true,true,false
localization_drift,localization_drift,localization_drift-s401,401,20.300000,0.800371,62.076023,0.902333,11.657451,2.127035,68.923539,true,true,false
localization_drift,localization_drift,localization_drift-s401,401,20.400000,0.770639,54.477256,0.919059,11.650996,2.136561,83.707133,true,true,false
localization_drift,localization_drift,localization_drift-s401,401,20.500000,0.738065,44.154653,0.925915,11.689098,2.137964,58.192086,true,true,false
localization_drift,localization_drift,localization_drift-s401,401,20.600000,0.705859,48.219397,0.925230,11.697351,2.137848,77.279293,true,true,false
localization_drift,localization_drift,localization_drift-s401,401,20.700000,0.662962,45.322009,0.891951,11.634873,2.134753,93.647879,true,true,false
localization_drift,localization_drift,localization_drift-s401,401,20.800000,0.615689,71.448461,0.886487,11.625500,2.150985,90.131402,true,true,false
localization_drift,localization_drift,localization_drift-s401,401,20.900000,0.579654,45.345138,0.876755,11.739572,2.129418,60.613375,true,true,false
localization_drift,localization_drift,localization_drift-s401,401,21.000000,0.530556,57.524175,0.922904,11.724948,2.166082,92.245945,true,true,false
localization_drift,localization_drift,localization_drift-s401,401,21.100000,0.516015,34.722481,0.929286,11.699659,2.141669,80.338283,true,true,false
localization_drift,localization_drift,localization_drift-s401,401,21.200000,0.460177,71.131706,0.935614,11.700486,2.171829,69.391400,true,true,false
localization_drift,localization_drift,localization_drift-s401,401,21.300000,0.418417,52.733465,0.910283,11.726449,2.201035,77.886564,true,true,true
localization_drift,localization_drift,localization_drift-s401,401,21.400000,0.369684,59.508131,0.930055,11.767426,2.124653,70.173675,true,true,true
localization_drift,localization_drift,localization_drift-s401,401,21.500000,0.332494,46.059556,0.911201,11.665037,2.159403,87.616813,true,true,true
localization_drift,localization_drift,localization_drift-s401,401,21.600000,0.334168,48.091350,0.932175,11.732328,2.170277,79.565253,true,true,true
localization_drift,localization_drift,localization_drift-s401,401,21.700000,0.342028,51.269646,0.920576,11.691640,2.192167,71.227761,true,true,true
localization_drift,localization_drift,localization_drift-s401,401,21.800000,0.339740,49.921100,0.902652,11.787120,2.193341,83.710266,true,true,true
localization_drift,localization_drift,localization_drift-s401,401,21.900000,0.341281,47.408460,0.896050,11.704931,2.156901,72.789027,true,true,true
localization_drift,localization_drift,localization_drift-s401,401,22.000000,0.334017,38.349208,0.928260,11.780142,2.189299,84.451011,true,true,true
localization_drift,localization_drift,localization_drift-s401,401,22.100000,0.331003,51.112674,0.892057,11.752414,2.188469,66.196318,true,true,true
localization_drift,localization_drift,localization_drift-s401,401,22.200000,0.342078,55.224478,0.932952,11.757176,2.174546,82.038317,true,true,true
localization_drift,localization_drift,localization_drift-s401,401,22.300000,0.334057,56.525554,0.917711,11.733991,2.201677,85.737694,true,true,true
localization_drift,localization_drift,localization_drift-s401,401,22.400000,0.331780,51.929120,0.948264,11.747759,2.179339,58.042085,true,true,true
localization_drift,localization_drift,localization_drift-s401,401,22.500000,0.334281,39.176512,0.910765,11.753513,2.147575,82.003114,true,true,true
localization_drift,localization_drift,localization_drift-s401,401,22.600000,0.365944,48.915297,0.937761,11.805063,2.201906,72.651594,true,true,true
localization_drift,localization_drift,localization_drift-s401,401,22.700000,0.331533,56.606140,0.959203,11.808301,2.139359,90.436944,true,true,true
localization_drift,localization_drift,localization_drift-s401,401,22.800000,0.323992,46.943705,0.911541,11.797034,2.187055,85.628045,true,true,true
localization_drift,localization_drift,localization_drift-s401,401,22.900000,0.351299,42.630149,0.937936,11.753551,2.186214,86.817446,true,true,true
localization_drift,localization_drift,localization_drift-s401,401,23.000000,0.345447,47.600527,0.910981,11.859721,2.171071,85.215259,true,true,true
localization_drift,localization_drift,localization_drift-s401,401,23.100000,0.363820,66.915505,0.919401,11.883701,2.205357,60.355344,true,true,true
localization_drift,localization_drift,localization_drift-s401,401,23.200000,0.336432,35.089905,0.899038,11.860748,2.207107,50.074212,true,true,true
localization_drift,localization_drift,localization_drift-s401,401,23.300000,0.311866,43.372304,0.929620,11.853800,2.176249,59.452015,true,true,true
localization_drift,localization_drift,localization_drift-s401,401,23.400000,0.328191,62.294163,0.914800,11.832191,2.140818,58.354630,true,true,true
localization_drift,localization_drift,localization_drift-s401,401,23.500000,0.310052,46.800319,0.914676,11.811577,2.186640,61.180947,true,true,true
localization_drift,localization_drift,localization_drift-s401,401,23.600000,0.328867,36.748972,0.948110,11.879079,2.209455,51.823462,true,true,true
localization_drift,localization_drift,localization_drift-s401,401,23.700000,0.330742,54.993541,0.891714,11.863542,2.157575,76.160174,true,true,true
localization_drift,localization_drift,localization_drift-s401,401,23.800000,0.348204,37.262303,0.925633,11.854470,2.150135,63.189750,true,true,true
localization_drift,localization_drift,localization_drift-s401,401,23.900000,0.363555,45.815379,0.905626,11.913156,2.212148,67.944501,true,true,true
localization_drift,localization_drift,localization_drift-s401,401,24.000000,0.353332,49.194468,0.930035,11.923266,2.169176,57.154501,true,true,true
localization_drift,localization_drift,localization_drift-s401,401,24.100000,0.321031,47.553181,0.894338,11.954794,2.102300,61.273733,true,true,true
localization_drift,localization_drift,localization_drift-s401,401,24.200000,0.328754,49.984558,0.902914,11.904760,2.190620,78.433575,true,true,true
localization_drift,localization_drift,localization_drift-s401,401,24.300000,0.335945,32.871998,0.943889,11.958278,2.164613,69.931715,true,true,true
localization_drift,localization_drift,localization_drift-s401,401,24.400000,0.341927,47.956611,0.903745,11.956733,2.183768,59.689382,true,true,true
localization_drift,localization_drift,localization_drift-s401,401,24.500000,0.347860,56.205833,0.927937,11.950587,2.166942,88.544260,true,true,true
localization_drift,localization_drift,localization_drift-s401,401,24.600000,0.325957,60.152850,0.907743,11.935565,2.103315,88.149240,true,true,true
localization_drift,localization_drift,localization_drift-s401,401,24.700000,0.330856,46.452315,0.913936,11.979305,2.135461,73.392842,true,true,true
localization_drift,localization_drift,localization_drift-s401,401,24.800000,0.337647,50.545491,0.872352,12.050170,2.162600,60.667557,true,true,true
localization_drift,localization_drift,localization_drift-s401,401,24.900000,0.331761,49.490748,0.953056,12.005816,2.178707,89.922097,true,true,true
localization_drift,localization_drift,localization_drift-s401,401,25.000000,0.353095,52.467084,0.920974,11.983195,2.216468,72.706250,true,true,true
localization_drift,localization_drift,localization_drift-s401,401,25.100000,0.327927,55.188099,0.925526,11.941503,2.112019,87.732620,true,true,true
localization_drift,localization_drift,localization_drift-s401,401,25.200000,0.334626,43.387810,0.917337,12.037966,2.099227,92.628228,true,true,true
localization_drift,localization_drift,localization_drift-s401,401,25.300000,0.350444,59.043753,0.916092,12.023640,2.187186,78.788794,true,true,true
localization_drift,localization_drift,localization_drift-s401,401,25.400000,0.361095,48.968568,0.902493,12.051567,2.143629,85.248453,true,true,true
localization_drift,localization_drift,localization_drift-s401,401,25.500000,0.339426,61.869657,0.925168,12.073543,2.133598,87.120159,true,true,true
localization_drift,localization_drift,localization_drift-s401,401,25.600000,0.335029,61.850845,0.917615,11.976778,2.158451,78.380158,true,true,true
localization_drift,localization_drift,localization_drift-s401,401,25.700000,0.346299,52.020685,0.917246,12.008729,2.137425,74.642739,true,true,true
localization_drift,localization_drift,localization_drift-s401,401,25.800000,0.357113,56.952267,0.909180,12.019496,2.166964,79.185897,true,true,true
localization_drift,localization_drift,localization_drift-s401,401,25.900000,0.368812,36.377443,0.890052,12.063721,2.162877,72.573513,true,true,true
localization_drift,localization_drift,localization_drift-s401,401,26.000000,0.355365,41.156949,0.935460,12.056962,2.184582,79.957822,true,true,true
localization_drift,localization_drift,localization_drift-s401,401,26.100000,0.338718,37.083009,0.929031,12.056859,2.171138,72.173281,true,true,true
localization_drift,localization_drift,localization_drift-s401,401,26.200000,0.336480,41.478589,0.924645,12.065642,2.173964,60.917867,true,true,true
localization_drift,localization_drift,localization_drift-s401,401,26.300000,0.360408,62.528478,0.916541,12.041192,2.172528,45.646830,true,true,true
localization_drift,localization_drift,localization_drift-s401,401,26.400000,0.354514,41.398894,0.901830,12.100939,2.160551,65.330740,true,true,true
localization_drift,localization_drift,localization_drift-s401,401,26.500000,0.327189,50.113802,0.919716,12.136237,2.152959,74.135888,true,true,true
localization_drift,localization_drift,localization_drift-s401,401,26.600000,0.353272,61.686835,0.905717,12.094240,2.137729,85.331847,true,true,true
localization_drift,localization_drift,localization_drift-s401,401,26.700000,0.357712,50.184162,0.917399,12.122979,2.118145,66.640757,true,true,true
localization_drift,localization_drift,localization_drift-s401,401,26.800000,0.335648,57.831733,0.920185,12.186721,2.169416,92.990910,true,true,true
localization_drift,localization_drift,localization_drift-s401,401,26.900000,0.361048,53.213321,0.947525,12.100548,2.107550,70.294313,true,true,true
localization_drift,localization_drift,localization_drift-s401,401,27.000000,0.331261,61.203225,0.921743,12.188057,2.125930,77.162017,true,true,true
localization_drift,localization_drift,localization_drift-s401,401,27.100000,0.337870,45.877515,0.918656,12.192102,2.169269,97.573662,true,true,true
localization_drift,localization_drift,localization_drift-s401,401,27.200000,0.349289,61.051611,0.928108,12.201904,2.079479,65.030588,true,true,true
localization_drift,localization_drift,localization_drift-s401,401,27.300000,0.336680,47.257184,0.918573,12.174240,2.150636,101.263467,true,true,true
localization_drift,localization_drift,localization_drift-s401,401,27.400000,0.343319,45.300961,0.913754,12.177703,2.095590,82.880681,true,true,true
localization_drift,localization_drift,localization_drift-s401,401,27.500000,0.344116,59.169168,0.930393,12.182808,2.152930,92.479449,true,true,true
localization_drift,localization_drift,localization_drift-s401,401,27.600000,0.330048,36.379737,0.943104,12.157173,2.085373,87.071386,true,true,true
localization_drift,localization_drift,localization_drift-s401,401,27.700000,0.319335,45.952739,0.945084,12.175420,2.114411,114.273691,true,true,true
localization_drift,localization_drift,localization_drift-s401,401,27.800000,0.354767,46.378987,0.937433,12.206990,2.074665,65.213962,true,true,true
localization_drift,localization_drift,localization_drift-s401,401,27.900000,0.327755,52.890353,0.920084,12.225052,2.135910,101.577869,true,true,true
localization_drift,localization_drift,localization_drift-s401,401,28.000000,0.345307,41.802020,0.933495,12.316421,2.115540,79.190875,true,true,true
localization_drift,localization_drift,localization_drift-s401,401,28.100000,0.359513,55.206472,0.887750,12.255139,2.048711,62.057987,true,true,true
localization_drift,localization_drift,localization_drift-s401,401,28.200000,0.343058,45.548685,0.953075,12.215142,2.071274,54.751266,true,true,true
localization_drift,localization_drift,localization_drift-s401,401,28.300000,0.330495,34.022406,0.938288,12.249563,2.106278,78.279963,true,true,true
localization_drift,localization_drift,localization_drift-s401,401,28.400000,0.316315,51.514661,0.904326,12.254970,2.123316,58.582689,true,true,true
localization_drift,localization_drift,localization_drift-s401,401,28.500000,0.349395,42.573681,0.933438,12.254701,2.111244,76.627232,true,true,true
localization_drift,localization_drift,localization_drift-s401,401,28.600000,0.334306,48.577348,0.922898,12.254092,2.096167,59.023542,true,true,true
localization_drift,localization_drift,localization_drift-s401,401,28.700000,0.339151,46.342832,0.950506,12.272384,2.106187,94.884755,true,true,true
localization_drift,localization_drift,localization_drift-s401,401,28.800000,0.334632,45.748245,0.928817,12.310408,2.070546,88.349943,true,true,true
localization_drift,localization_drift,localization_drift-s401,401,28.900000,0.360346,45.992391,0.926580,12.283315,2.091645,91.445844,true,true,true
localization_drift,localization_drift,localization_drift-s401,401,29.000000,0.334046,35.508931,0.906852,12.250154,2.070624,91.326304,true,true,true
localization_drift,localization_drift,localization_drift-s401,401,29.100000,0.336105,68.802534,0.915490,12.315900,2.082597,82.394986,true,true,true
localization_drift,localization_drift,localization_drift-s401,401,29.200000,0.335394,60.542728,0.915642,12.355197,2.057701,80.235635,true,true,true
localization_drift,localization_drift,localization_drift-s401,401,29.300000,0.320642,52.815209,0.896994,12.208541,2.060386,80.522173,true,true,true
localization_drift,localization_drift,localization_drift-s401,401,29.400000,0.343704,42.487150,0.916301,12.305123,2.109493,103.463396,true,true,true
localization_drift,localization_drift,localization_drift-s401,401,29.500000,0.351069,53.624409,0.938528,12.292488,2.067419,74.676478,true,true,true
localization_drift,localization_drift,localization_drift-s401,401,29.600000,0.355671,52.793225,0.911409,12.401754,2.064253,92.792675,true,true,true
localization_drift,localization_drift,localization_drift-s401,401,29.700000,0.337640,35.293585,0.884754,12.315705,2.064052,75.990156,true,true,true
localization_drift,localization_drift,localization_drift-s401,401,29.800000,0.337814,56.885672,0.902496,12.339565,2.070548,57.148335,true,true,true
localization_drift,localization_drift,localization_drift-s401,401,29.900000,0.334312,52.587834,0.914756,12.271355,2.039196,77.309059,true,true,true
localization_drift,localization_drift,localization_drift-s401,401,30.000000,0.346891,55.556619,0.932693,12.361897,2.039140,72.482743,true,true,true
localization_drift,localization_drift,localization_drift-s401,401,30.100000,0.338171,51.594884,0.909796,12.304974,2.090540,67.928123,true,true,true
localization_drift,localization_drift,localization_drift-s401,401,30.200000,0.359159,53.934735,0.917727,12.332975,2.079612,73.980351,true,true,true
localization_drift,localization_drift,localization_drift-s401,401,30.300000,0.331405,50.428369,0.901142,12.365906,2.050134,77.351416,true,true,true
localization_drift,localization_drift,localization_drift-s401,401,30.400000,0.341333,39.254507,0.912313,12.342403,2.047599,78.384177,true,true,true
localization_drift,localization_drift,localization_drift-s401,401,30.500000,0.321425,48.439674,0.932540,12.317145,2.028007,79.057738,true,true,true
localization_drift,localization_drift,localization_drift-s401,401,30.600000,0.320102,57.382239,0.938120,12.374492,2.010564,55.024059,true,true,true
localization_drift,localization_drift,localization_drift-s401,401,30.700000,0.325458,47.331839,0.933999,12.389739,2.039487,83.258298,true,true,true
localization_drift,localization_drift,localization_drift-s401,401,30.800000,0.341419,54.596354,0.914966,12.328963,2.074994,117.443717,true,true,true
localization_drift,localization_drift,localization_drift-s401,401,30.900000,0.331460,56.561779,0.901907,12.325360,2.047500,85.020768,true,true,true
localization_drift,localization_drift,localization_drift-s401,401,31.000000,0.342915,64.018587,0.878351,12.326324,2.029732,100.426211,true,true,true
localization_drift,localization_drift,localization_drift-s401,401,31.100000,0.353594,53.943452,0.925523,12.409841,2.062571,65.008117,true,true,true
localization_drift,localization_drift,localization_drift-s401,401,31.200000,0.328638,58.446005,0.895649,12.339774,2.010071,80.179056,true,true,true
localization_drift,localization_drift,localization_drift-s401,401,31.300000,0.321142,46.742879,0.938502,12.363894,2.054549,97.295551,true,true,true
localization_drift,localization_drift,localization_drift-s401,401,31.400000,0.325108,57.705959,0.911090,12.396592,2.049585,81.085540,true,true,true
localization_drift,localization_drift,localization_drift-s401,401,31.500000,0.326183,51.676918,0.955895,12.321326,2.015824,85.601691,true,true,true
localization_drift,localization_drift,localization_drift-s401,401,31.600000,0.328249,43.808043,0.903260,12.355299,2.032633,65.246787,true,true,true
localization_drift,localization_drift,localization_drift-s401,401,31.700000,0.349460,49.580342,0.927585,12.379947,2.045289,57.914600,true,true,true
localization_drift,localization_drift,localization_drift-s401,401,31.800000,0.348953,64.701073,0.923624,12.398614,2.010358,95.936959,true,true,true
localization_drift,localization_drift,localization_drift-s401,401,31.900000,0.340538,57.413658,0.925778,12.350372,2.028484,66.415146,true,true,true
localization_drift,localization_drift,localization_drift-s401,401,32.000000,0.342094,49.204376,0.908401,12.302676,2.021238,82.294658,true,true,true
localization_drift,localization_drift,localization_drift-s401,401,32.100000,0.331335,52.676861,0.894505,12.415421,2.014249,97.992036,true,true,true
localization_drift,localization_drift,localization_drift-s401,401,32.200000,0.338458,40.881156,0.941011,12.346309,2.055329,77.762572,true,true,true
localization_drift,localization_drift,localization_drift-s401,401,32.300000,0.349051,48.494333,0.928184,12.351072,2.028220,89.957651,true,true,true
localization_drift,localization_drift,localization_drift-s401,401,32.400000,0.366841,39.227922,0.881999,12.346429,1.972608,66.463382,true,true,true
localization_drift,localization_drift,localization_drift-s401,401,32.500000,0.359428,52.372761,0.950122,12.303290,1.983337,83.599540,true,true,true
localization_drift,localization_drift,localization_drift-s401,401,32.600000,0.333181,42.018772,0.910612,12.299498,2.018779,82.312137,true,true,true
localization_drift,localization_drift,localization_drift-s401,401,32.700000,0.341053,52.720739,0.895043,12.383032,1.975852,39.528380,true,true,true
localization_drift,localization_drift,localization_drift-s401,401,32.800000,0.338638,47.608061,0.927752,12.325968,1.986775,83.303844,true,true,true
localization_drift,localization_drift,localization_drift-s401,401,32.900000,0.340978,52.296341,0.910150,12.386419,2.052552,84.549918,true,true,true
localization_drift,localization_drift,localization_drift-s401,401,33.000000,0.330691,51.583389,0.940965,12.371894,2.020172,60.737112,true,true,true
localization_drift,localization_drift,localization_drift-s401,401,33.100000,0.329262,56.384203,0.912484,12.336899,2.026753,92.591174,true,true,true
localization_drift,localization_drift,localization_drift-s401,401,33.200000,0.337429,48.795051,0.906346,12.347166,2.049143,101.086930,true,true,true
localization_drift,localization_drift,localization_drift-s401,401,33.300000,0.332645,41.685949,0.944636,12.342170,2.037974,82.655067,true,true,true
localization_drift,localization_drift,localization_drift-s401,401,33.400000,0.316068,43.632788,0.922507,12.292556,2.011441,71.740958,true,true,true
localization_drift,localization_drift,localization_drift-s401,401,33.500000,0.330456,43.560330,0.951770,12.343318,2.003246,95.846291,true,true,true
localization_drift,localization_drift,localization_drift-s401,401,33.600000,0.335105,35.492356,0.928439,12.229919,2.020533,96.004726,true,true,true
localization_drift,localization_drift,localization_drift-s401,401,33.700000,0.350487,50.560672,0.929278,12.296241,1.989870,75.533201,true,true,true
localization_drift,localization_drift,localization_drift-s401,401,33.800000,0.349342,51.651717,0.922009,12.270187,1.959723,105.202687,true,true,true
localization_drift,localization_drift,localization_drift-s401,401,33.900000,0.339019,54.433674,0.945477,12.328135,2.055889,81.664549,true,true,true
localization_drift,localization_drift,localization_drift-s401,401,34.000000,0.323652,55.413429,0.923593,12.244741,2.011870,71.169140,true,true,true
localization_drift,localization_drift,localization_drift-s401,401,34.100000,0.353229,61.156036,0.928215,12.266324,2.032299,114.945346,true,true,true
localization_drift,localization_drift,localization_drift-s401,401,34.200000,0.345073,60.246755,0.935462,12.323334,2.040915,67.479405,true,true,true
localization_drift,localization_drift,localization_drift-s401,401,34.300000,0.352743,51.077828,0.923181,12.201403,2.036178,64.664254,true,true,true
localization_drift,localization_drift,localization_drift-s401,401,34.400000,0.357216,67.912072,0.903211,12.227164,2.043479,106.778129,true,true,true
localization_drift,localization_drift,localization_drift-s401,401,34.500000,0.333541,55.498845,0.918445,12.214744,2.036275,75.492604,true,true,true
localization_drift,localization_drift,localization_drift-s401,401,34.600000,0.348879,51.858952,0.956003,12.219063,2.028765,93.577772,true,true,true
localization_drift,localization_drift,localization_drift-s401,401,34.700000,0.329357,37.892023,0.960590,12.224769,2.094828,60.829361,true,true,true
localization_drift,localization_drift,localization_drift-s401,401,34.800000,0.364821,48.030532,0.944783,12.176930,2.002370,65.085360,true,true,true
localization_drift,localization_drift,localization_drift-s401,401,34.900000,0.343405,47.122761,0.948876,12.244409,2.038647,64.361489,true,true,true
localization_drift,localization_drift,localization_drift-s401,401,35.000000,0.346236,48.276967,0.946846,12.218108,2.000690,71.938671,true,true,true
localization_drift,localization_drift,localization_drift-s401,401,35.100000,0.336914,53.832721,0.894669,12.258951,2.009556,62.219181,true,true,true
localization_drift,localization_drift,localization_drift-s401,401,35.200000,0.336476,48.955807,0.899366,12.253197,2.050211,79.493143,true,true,true
localization_drift,localization_drift,localization_drift-s401,401,35.300000,0.345142,57.626095,0.923917,12.233448,2.070205,78.773799,true,true,true
localization_drift,localization_drift,localization_drift-s401,401,35.400000,0.329546,52.378847,0.930335,12.200052,2.077296,71.340415,true,true,true
localization_drift,localization_drift,localization_drift-s401,401,35.500000,0.311227,35.365662,0.913202,12.126402,2.057316,87.333458,true,true,true
localization_drift,localization_drift,localization_drift-s401,401,35.600000,0.362137,44.636390,0.925025,12.089031,2.085627,98.922791,true,true,true
localization_drift,localization_drift,localization_drift-s401,401,35.700000,0.319005,54.179851,0.919689,12.166847,2.039341,52.911443,true,true,true
localization_drift,localization_drift,localization_drift-s401,401,35.800000,0.333491,57.758108,0.902835,12.222279,2.054425,59.020793,true,true,true
localization_drift,localization_drift,localization_drift-s401,401,35.900000,0.354957,54.841081,0.927336,12.229972,2.061923,88.248814,true,true,true
localization_drift,localization_drift,localization_drift-s401,401,36.000000,0.333954,30.744431,0.938229,12.192613,2.070810,80.300685,true,true,true
localization_drift,localization_drift,localization_drift-s401,401,36.100000,0.353455,49.956252,0.912404,12.133257,2.086090,80.057491,true,true,true
localization_drift,localization_drift,localization_drift-s401,401,36.200000,0.331362,57.768607,0.917105,12.085516,2.021372,83.121467,true,true,true
localization_drift,localization_drift,localization_drift-s401,401,36.300000,0.367942,44.352153,0.934304,12.104370,2.095543,83.744131,true,true,true
localization_drift,localization_drift,localization_drift-s401,401,36.400000,0.337700,50.029748,0.921201,12.148908,2.051426,92.813827,true,true,true
localization_drift,localization_drift,localization_drift-s401,401,36.500000,0.355952,52.342713,0.900200,12.119737,2.031326,98.225811,true,true,true
localization_drift,localization_drift,localization_drift-s401,401,36.600000,0.357363,42.826052,0.927331,12.098496,2.054289,89.607211,true,true,true
localization_drift,localization_drift,localization_drift-s401,401,36.700000,0.323456,53.128034,0.951480,12.018936,2.071346,69.926450,true,true,true
localization_drift,localization_drift,localization_drift-s401,401,36.800000,0.362757,50.190713,0.930969,12.067411,2.106924,66.380535,true,true,true
localization_drift,localization_drift,localization_drift-s401,401,36.900000,0.343376,54.226759,0.951682,12.067471,2.081804,83.856232,true,true,true
localization_drift,localization_drift,localization_drift-s401,401,37.000000,0.326420,52.140869,0.940466,12.070912,2.074828,102.345179,true,true,true
localization_drift,localization_drift,localization_drift-s401,401,37.100000,0.338769,44.648487,0.927399,12.097024,2.055926,98.244299,true,true,true
localization_drift,localization_drift,localization_drift-s401,401,37.200000,0.321899,55.438324,0.927622,12.066343,2.081169,48.495513,true,true,true
localization_drift,localization_drift,localization_drift-s401,401,37.300000,0.356616,29.948423,0.903880,12.013509,2.121457,69.432348,true,true,true
localization_drift,localization_drift,localization_drift-s401,401,37.400000,0.331276,40.942168,0.899416,11.953882,2.095923,89.152711,true,true,true
localization_drift,localization_drift,localization_drift-s401,401,37.500000,0.325015,46.692895,0.956053,12.086653,2.089919,93.076760,true,true,true
localization_drift,localization_drift,localization_drift-s401,401,37.600000,0.322078,43.620883,0.919667,11.998100,2.087178,58.836916,true,true,true
localization_drift,localization_drift,localization_drift-s401,401,37.700000,0.356734,42.356080,0.926450,12.042481,2.097144,76.191482,true,true,true
localization_drift,localization_drift,localization_drift-s401,401,37.800000,0.327473,47.140748,0.936321,12.044075,2.133295,95.990590,true,true,true
localization_drift,localization_drift,localization_drift-s401,401,37.900000,0.331792,32.861397,0.898640,11.997337,2.083827,87.450225,true,true,true
localization_drift,localization_drift,localization_drift-s401,401,38.000000,0.329823,40.374230,0.922263,11.992958,2.102037,71.495651,true,true,true
localization_drift,localization_drift,localization_drift-s401,401,38.100000,0.338644,47.639054,0.928060,12.030263,2.134041,93.132840,true,true,true
localization_drift,localization_drift,localization_drift-s401,401,38.200000,0.315903,42.083513,0.921813,11.966779,2.059111,62.540225,true,true,true
localization_drift,localization_drift,localization_drift-s401,401,38.300000,0.323972,58.354089,0.921274,11.925254,2.146675,95.783446,true,true,true
localization_drift,localization_drift,localization_drift-s401,401,38.400000,0.335997,39.649862,0.926225,11.971374,2.107066,95.969667,true,true,true
localization_drift,localization_drift,localization_drift-s401,401,38.500000,0.332892,49.808597,0.903118,11.855814,2.130481,85.272500,true,true,true
localization_drift,localization_drift,localization_drift-s401,401,38.600000,0.360620,43.304488,0.912987,11.873742,2.125238,82.806782,true,true,true
localization_drift,localization_drift,localization_drift-s401,401,38.700000,0.332273,52.335616,0.929990,11.981444,2.121308,73.755280,true,true,true
localization_drift,localization_drift,localization_drift-s401,401,38.800000,0.318907,45.147429,0.903354,11.871706,2.174581,80.410607,true,true,true
localization_drift,localization_drift,localization_drift-s401,401,38.900000,0.352858,56.867186,0.909735,11.870892,2.089335,77.945809,true,true,true
localization_drift,localization_drift,localization_drift-s401,401,39.000000,0.350367,43.699982,0.916405,11.936405,2.155905,90.746196,true,true,true
localization_drift,localization_drift,localization_drift-s401,401,39.100000,0.332991,45.368618,0.916106,11.880164,2.156192,73.917336,true,true,true
localization_drift,localization_drift,localization_drift-s401,401,39.200000,0.343320,42.931150,0.916950,11.907955,2.122482,50.525016,true,true,true
localization_drift,localization_drift,localization_drift-s401,401,39.300000,0.336006,48.421297,0.917277,11.767699,2.110934,88.290231,true,true,true
localization_drift,localization_drift,localization_drift-s401,401,39.400000,0.334235,55.150474,0.928310,11.847685,2.118186,96.866380,true,true,true
localization_drift,localization_drift,localization_drift-s401,401,39.500000,0.335956,44.657286,0.929026,11.899411,2.177999,91.608356,true,true,true
localization_drift,localization_drift,localization_drift-s401,401,39.600000,0.332997,42.122501,0.938415,11.845376,2.200847,73.155633,true,true,true
localization_drift,localization_drift,localization_drift-s401,401,39.700000,0.346789,47.914255,0.931444,11.898578,2.142426,108.515423,true,true,true
localization_drift,localization_drift,localization_drift-s401,401,39.800000,0.362376,44.447025,0.929738,11.749432,2.088485,62.273825,true,true,true
localization_drift,localization_drift,localization_drift-s401,401,39.900000,0.343584,44.599813,0.922112,11.848607,2.118913,77.142581,true,true,true
localization_drift,localization_drift,localization_drift-s401,401,40.000000,0.333642,55.375380,0.936014,11.843985,2.156619,70.706180,true,true,true
localization_drift,localization_drift,localization_drift-s401,401,40.100000,0.370365,53.621244,0.899674,11.774953,2.115853,92.761950,true,true,true
localization_drift,localization_drift,localization_drift-s401,401,40.200000,0.360593,56.551000,0.906606,11.771969,2.152857,63.153604,true,true,true
localization_drift,localization_drift,localization_drift-s401,401,40.300000,0.328133,42.705499,0.916489,11.835697,2.165221,85.184479,true,true,true
localization_drift,localization_drift,localization_drift-s401,401,40.400000,0.324736,34.917758,0.890680,11.804968,2.160993,74.126407,true,true,true
localization_drift,localization_drift,localization_drift-s401,401,40.500000,0.324342,45.599780,0.928806,11.775940,2.147815,90.778581,true,true,true
localization_drift,localization_drift,localization_drift-s401,401,40.600000,0.338112,49.113496,0.874099,11.758678,2.189999,82.580001,true,true,true
localization_drift,localization_drift,localization_drift-s401,401,40.700000,0.332668,38.814062,0.933519,11.745799,2.195428,84.496876,true,true,true
localization_drift,localization_drift,localization_drift-s401,401,40.800000,0.346162,53.396028,0.920554,11.736649,2.179796,72.519411,true,true,true
localization_drift,localization_drift,localization_drift-s401,401,40.900000,0.336983,44.814283,0.925467,11.769500,2.182138,70.860980,true,true,true
localization_drift,localization_drift,localization_drift-s401,401,41.000000,0.331366,41.356621,0.956099,11.743035,2.205722,75.243835,true,true,true
localization_drift,localization_drift,localization_drift-s401,401,41.100000,0.347434,48.625704,0.901149,11.807273,2.159547,81.598698,true,true,true
localization_drift,localization_drift,localization_drift-s401,401,41.200000,0.332261,50.830992,0.875668,11.626103,2.196448,75.223496,true,true,true
localization_drift,localization_drift,localization_drift-s401,401,41.300000,0.351603,55.120131,0.906371,11.780885,2.195523,98.572750,true,true,true
localization_drift,localization_drift,localization_drift-s401,401,41.400000,0.341592,38.265695,0.944855,11.706315,2.145195,62.872787,true,true,true
localization_drift,localization_drift,localization_drift-s401,401,41.500000,0.352095,52.565781,0.897827,11.681213,2.186436,87.001336,true,true,true
localization_drift,localization_drift,localization_drift-s401,401,41.600000,0.321206,47.355468,0.904247,11.714211,2.168960,100.380441,true,true,true
localization_drift,localization_drift,localization_drift-s401,401,41.700000,0.339358,49.915641,0.935280,11.668883,2.181715,73.615982,true,true,true
localization_drift,localization_drift,localization_drift-s401,401,41.800000,0.354807,44.536617,0.867623,11.607166,2.181850,87.994721,true,true,true
localization_drift,localization_drift,localization_drift-s401,401,41.900000,0.353749,49.465375,0.901173,11.705881,2.184607,88.528066,true,true,true
localization_drift,localization_drift,localization_drift-s401,401,42.000000,0.361309,57.771446,0.891764,11.662012,2.191177,84.240120,true,true,true
localization_drift,localization_drift,localization_drift-s401,401,42.100000,0.339885,40.543907,0.893128,11.663187,2.168103,59.971140,true,true,true
localization_drift,localization_drift,localization_drift-s401,401,42.200000,0.319586,55.698323,0.924206,11.675697,2.188449,90.804659,true,true,true
localization_drift,localization_drift,localization_drift-s401,401,42.300000,0.340089,54.543587,0.908411,11.766860,2.186563,62.297937,true,true,true
localization_drift,localization_drift,localization_drift-s401,401,42.400000,0.344117,51.523900,0.936310,11.683028,2.212458,82.126248,true,true,true
localization_drift,localization_drift,localization_drift-s401,401,42.500000,0.331748,47.431331,0.899263,11.708883,2.175662,71.383613,true,true,true
localization_drift,localization_drift,localization_drift-s401,401,42.600000,0.322912,45.771411,0.943740,11.666491,2.177595,70.813983,true,true,true
localization_drift,localization_drift,localization_drift-s401,401,42.700000,0.323299,34.457019,0.949020,11.588010,2.167982,81.507493,true,true,true
localization_drift,localization_drift,localization_drift-s401,401,42.800000,0.348276,44.861000,0.886868,11.754398,2.154464,72.720920,true,true,true
localization_drift,localization_drift,localization_drift-s401,401,42.900000,0.357612,46.513902,0.947533,11.650265,2.185096,77.773132,true,true,true
localization_drift,localization_drift,localization_drift-s401,401,43.000000,0.345829,53.654856,0.929885,11.665433,2.172208,81.528104,true,true,true
localization_drift,localization_drift,localization_drift-s401,401,43.100000,0.340066,52.708743,0.869285,11.652560,2.185003,91.840126,true,true,true
localization_drift,localization_drift,localization_drift-s401,401,43.200000,0.331532,50.182065,0.879637,11.696288,2.174762,44.402138,true,true,true
localization_drift,localization_drift,localization_drift-s401,401,43.300000,0.352208,49.447927,0.898936,11.612372,2.159078,70.283154,true,true,true
localization_drift,localization_drift,localization_drift-s401,401,43.400000,0.346176,53.580196,0.920328,11.732349,2.159011,90.879819,true,true,true
localization_drift,localization_drift,localization_drift-s401,401,43.500000,0.361922,49.739099,0.907393,11.716026,2.160096,81.701899,true,true,true
localization_drift,localization_drift,localization_drift-s401,401,43.600000,0.354173,49.446548,0.922930,11.608751,2.157161,71.700986,true,true,true
localization_drift,localization_drift,localization_drift-s401,401,43.700000,0.344428,38.903587,0.922745,11.665130,2.161857,70.524415,true,true,true
localization_drift,localization_drift,localization_drift-s401,401,43.800000,0.341153,46.425643,0.917571,11.659928,2.179788,86.225058,true,true,true
localization_drift,localization_drift,localization_drift-s401,401,43.900000,0.334232,43.087244,0.905741,11.666321,2.123581,68.184211,true,true,true
localization_drift,localization_drift,localization_drift-s401,401,44.000000,0.340685,55.807725,0.938284,11.694763,2.156368,64.927125,true,true,true
localization_drift,localization_drift,localization_drift-s401,401,44.100000,0.355488,38.002244,0.904220,11.650327,2.150362,70.189044,true,true,true
localization_drift,localization_drift,localization_drift-s401,401,44.200000,0.313738,55.353884,0.912129,11.722949,2.160626,84.303550,true,true,true
localization_drift,localization_drift,localization_drift-s401,401,44.300000,0.339032,38.037911,0.901701,11.661027,2.207757,83.463727,true,true,true
localization_drift,localization_drift,localization_drift-s401,401,44.400000,0.344102,41.618302,0.923823,11.675639,2.183704,82.974529,true,true,true
localization_drift,localization_drift,localization_drift-s401,401,44.500000,0.340001,40.816754,0.899930,11.629112,2.184250,60.172205,true,true,true
localization_drift,localization_drift,localization_drift-s401,401,44.600000,0.342106,45.065978,0.953258,11.595943,2.165494,96.414714,true,true,true
localization_drift,localization_drift,localization_drift-s401,401,44.700000,0.337548,52.062218,0.935254,11.766089,2.169275,68.933645,true,true,true
localization_drift,localization_drift,localization_drift-s401,401,44.800000,0.349911,40.884685,0.901511,11.625680,2.127100,80.664322,true,true,true
localization_drift,localization_drift,localization_drift-s401,401,44.900000,0.355240,56.773438,0.914419,11.674190,2.145972,54.679576,true,true,true
localization_drift,localization_drift,localization_drift-s401,401,45.000000,0.319328,47.842844,0.894791,11.662552,2.205448,61.719142,true,true,true
localization_drift,localization_drift,localization_drift-s401,401,45.100000,0.344811,45.279492,0.942358,11.690474,2.164966,93.219700,true,true,true
localization_drift,localization_drift,localization_drift-s401,401,45.200000,0.346643,46.915045,0.925119,11.623121,2.187970,91.720202,true,true,true
localization_drift,localization_drift,localization_drift-s401,401,45.300000,0.344224,53.662248,0.943204,11.600904,2.107882,106.072009,true,true,true
localization_drift,localization_drift,localization_drift-s401,401,45.400000,0.346573,48.604506,0.927276,11.685844,2.153194,89.708479,true,true,true
localization_drift,localization_drift,localization_drift-s401,401,45.500000,0.344506,56.367786,0.925938,11.599565,2.144011,86.103896,true,true,true
localization_drift,localization_drift,localization_drift-s401,401,45.600000,0.360539,47.447057,0.902051,11.709753,2.107979,59.631205,true,true,true
localization_drift,localization_drift,localization_drift-s401,401,45.700000,0.328402,43.089107,0.900588,11.670615,2.127569,95.434461,true,true,true
localization_drift,localization_drift,localization_drift-s401,401,45.800000,0.340880,51.227829,0.910551,11.637603,2.113382,79.850986,true,true,true
localization_drift,localization_drift,localization_drift-s401,401,45.900000,0.350798,50.127824,0.947310,11.757665,2.108338,70.706528,true,true,true
localization_drift,localization_drift,localization_drift-s401,401,46.000000,0.342796,54.906723,0.921975,11.663914,2.118832,94.693738,true,true,true
localization_drift,localization_drift,localization_drift-s401,401,46.100000,0.333949,47.801664,0.914972,11.736832,2.151186,48.714224,true,true,true
localization_drift,localization_drift,localization_drift-s401,401,46.200000,0.336453,52.193219,0.914186,11.688526,2.083000,73.596878,true,true,true
localization_drift,localization_drift,localization_drift-s401,401,46.300000,0.331937,37.170078,0.948118,11.728248,2.078339,71.442839,true,true,true
localization_drift,localization_drift,localization_drift-s401,401,46.400000,0.379359,56.356312,0.895736,11.726634,2.168257,72.021789,true,true,true
localization_drift,localization_drift,localization_drift-s401,401,46.500000,0.351372,32.795029,0.917395,11.727772,2.132192,58.567949,true,true,true
localization_drift,localization_drift,localization_drift-s401,401,46.600000,0.340344,46.339042,0.896709,11.675653,2.106018,64.396180,true,true,true
localization_drift,localization_drift,localization_drift-s401,401,46.700000,0.346894,47.730519,0.917232,11.772129,2.106654,83.788900,true,true,true
localization_drift,localization_drift,localization_drift-s401,401,46.800000,0.349569,42.804740,0.934160,11.652820,2.099136,100.790863,true,true,true
localization_drift,localization_drift,localization_drift-s401,401,46.900000,0.326859,45.751502,0.908052,11.703655,2.123529,91.207862,true,true,true
localization_drift,localization_drift,localization_drift-s401,401,47.000000,0.337323,29.241683,0.910995,11.790218,2.087767,83.414234,true,true,true
localization_drift,localization_drift,localization_drift-s401,401,47.100000,0.344994,51.270061,0.938251,11.782300,2.066846,101.604495,true,true,true
localization_drift,localization_drift,localization_drift-s401,401,47.200000,0.341202,59.409383,0.879897,11.768273,2.127735,60.970640,true,true,true
localization_drift,localization_drift,localization_drift-s401,401,47.300000,0.367168,50.607563,0.927028,11.699072,2.135344,64.921321,true,true,true
localization_drift,localization_drift,localization_drift-s401,401,47.400000,0.326163,48.586421,0.932173,11.823764,2.104121,59.452004,true,true,true
localization_drift,localization_drift,localization_drift-s401,401,47.500000,0.336227,55.542644,0.896489,11.767481,2.166051,64.145938,true,true,true
localization_drift,localization_drift,localization_drift-s401,401,47.600000,0.349164,49.494341,0.896789,11.774354,2.078219,100.276764,true,true,true
localization_drift,localization_drift,localization_drift-s401,401,47.700000,0.333839,42.785180,0.934962,11.787325,2.080652,74.076059,true,true,true
localization_drift,localization_drift,localization_drift-s401,401,47.800000,0.335722,49.065697,0.931038,11.825112,2.077098,84.177052,true,true,true
localization_drift,localization_drift,localization_drift-s401,401,47.900000,0.320573,44.358673,0.949151,11.770538,2.126587,74.168639,true,true,true
localization_drift,localization_drift,localization_drift-s401,401,48.000000,0.354821,47.626719,0.945976,11.757092,2.044735,78.837705,true,true,true
localization_drift,localization_drift,localization_drift-s401,401,48.100000,0.351691,39.050056,0.903908,11.831636,2.100434,74.667329,true,true,true
localization_drift,localization_drift,localization_drift-s401,401,48.200000,0.328586,47.247308,0.923570,11.877772,2.079226,60.124306,true,true,true
localization_drift,localization_drift,localization_drift-s401,401,48.300000,0.339661,62.519182,0.928691,11.799956,2.072442,86.828484,true,true,true
localization_drift,localization_drift,localization_drift-s401,401,48.400000,0.327522,47.892650,0.902226,11.828914,2.062782,75.735476,true,true,true
localization_drift,localization_drift,localization_drift-s401,401,48.500000,0.336503,42.632026,0.882632,11.874631,2.077777,94.204396,true,true,true
localization_drift,localization_drift,localization_drift-s401,401,48.600000,0.347469,47.605559,0.937830,11.855724,2.035957,80.432489,true,true,true
localization_drift,localization_drift,localization_drift-s401,401,48.700000,0.342343,54.413593,0.916289,11.846325,2.051381,89.447275,true,true,true
localization_drift,localization_drift,localization_drift-s401,401,48.800000,0.364027,52.698741,0.973609,11.852847,2.086001,83.899245,true,true,true
localization_drift,localization_drift,localization_drift-s401,401,48.900000,0.346141,47.599219,0.938334,11.886358,2.046121,69.143939,true,true,true
localization_drift,localization_drift,localization_drift-s401,401,49.000000,0.343483,47.074773,0.913802,11.815683,2.077219,83.575560,true,true,true
localization_drift,localization_drift,localization_drift-s401,401,49.100000,0.337548,54.863074,0.901490,11.854656,2.043497,93.969720,true,true,true
localization_drift,localization_drift,localization_drift-s401,401,49.200000,0.333689,53.849907,0.906337,11.944574,2.050391,71.547841,true,true,true
localization_drift,localization_drift,localization_drift-s401,401,49.300000,0.336469,30.899790,0.879437,11.975004,2.028057,60.973771,true,true,true
localization_drift,localization_drift,localization_drift-s401,401,49.400000,0.324195,50.719580,0.919426,11.953828,2.038683,79.303382,true,true,true
localization_drift,localization_drift,localization_drift-s401,401,49.500000,0.332603,45.536698,0.899856,11.904464,2.029913,78.243065,true,true,true
localization_drift,localization_drift,localization_drift-s401,401,49.600000,0.335843,47.652540,0.950914,11.927457,2.053042,70.705790,true,true,true
localization_drift,localization_drift,localization_drift-s401,401,49.700000,0.330180,43.719602,0.915696,11.887093,2.064730,78.677252,true,true,true
localization_drift,localization_drift,localization_drift-s401,401,49.800000,0.337611,49.492513,0.912068,11.926528,2.013188,64.720516,true,true,true
localization_drift,localization_drift,localization_drift-s401,401,49.900000,0.334025,49.665245,0.898519,11.933351,1.991558,79.731691,true,true,true
localization_drift,localization_drift,localization_drift-s401,401,50.000000,0.327639,40.145567,0.941062,12.034124,2.039928,56.594719,true,true,true
localization_drift,localization_drift,localization_drift-s401,401,50.100000,0.335362,55.643717,0.913210,11.940429,2.042221,77.745030,true,true,true
localization_drift,localization_drift,localization_drift-s401,401,50.200000,0.340014,37.787989,0.924948,11.990654,2.040744,34.589340,true,true,true
localization_drift,localization_drift,localization_drift-s401,401,50.300000,0.324751,49.122298,0.907832,11.908793,2.032716,85.236898,true,true,true
localization_drift,localization_drift,localization_drift-s401,401,50.400000,0.336239,49.269961,0.911630,12.012495,2.015477,89.841202,true,true,true
localization_drift,localization_drift,localization_drift-s401,401,50.500000,0.340812,50.950696,0.927743,12.019826,2.024544,85.125330,true,true,true
localization_drift,localization_drift,localization_drift-s401,401,50.600000,0.327423,53.464226,0.877091,11.922194,2.026757,71.109241,true,true,true
localization_drift,localization_drift,localization_drift-s401,401,50.700000,0.342768,54.012415,0.931630,12.027845,2.047797,65.226381,true,true,true
localization_drift,localization_drift,localization_drift-s401,401,50.800000,0.322794,47.113924,0.924752,12.103837,2.057515,79.386993,true,true,true
localization_drift,localization_drift,localization_drift-s401,401,50.900000,0.334665,53.161281,0.922115,12.029857,2.044668,62.974766,true,true,true
localization_drift,localization_drift,localization_drift-s401,401,51.000000,0.317457,45.056498,0.923084,12.038985,2.034954,66.729771,true,true,true
localization_drift,localization_drift,localization_drift-s401,401,51.100000,0.332439,56.609547,0.946166,12.038022,2.001730,83.525240,true,true,true
localization_drift,localization_drift,localization_drift-s401,401,51.200000,0.339575,48.147748,0.897941,12.112219,2.040180,88.011942,true,true,true
localization_drift,localization_drift,localization_drift-s401,401,51.300000,0.346251,39.786281,0.920731,12.098795,2.065216,75.123438,true,true,true
localization_drift,localization_drift,localization_drift-s401,401,51.400000,0.315260,41.944708,0.897926,12.037130,2.024357,74.500039,true,true,true
localization_drift,localization_drift,localization_drift-s401,401,51.500000,0.316303,51.433723,0.906001,12.145239,2.037496,91.008447,true,true,true
localization_drift,localization_drift,localization_drift-s401,401,51.600000,0.317024,59.210635,0.896062,12.163159,2.022207,73.413378,true,true,true
localization_drift,localization_drift,localization_drift-s401,401,51.700000,0.348015,48.365233,0.928033,12.084715,2.047669,62.561344,true,true,true
localization_drift,localization_drift,localization_drift-s401,401,51.800000,0.331174,42.478842,0.945231,12.117108,2.010808,97.184027,true,true,true
localization_drift,localization_drift,localization_drift-s401,401,51.900000,0.338999,49.987384,0.929413,12.105233,2.021697,87.031371,true,true,true
localization_drift,localization_drift,localization_drift-s401,401,52.000000,0.322026,51.345960,0.923569,12.139500,1.986147,104.559581,true,true,true
localization_drift,localization_drift,localization_drift-s401,401,52.100000,0.340600,44.790499,0.913676,12.164122,2.023889,57.414252,true,true,true
localization_drift,localization_drift,localization_drift-s401,401,52.200000,0.335196,46.402809,0.942365,12.106890,2.003876,84.594834,true,true,true
localization_drift,localization_drift,localization_drift-s401,401,52.300000,0.338423,51.289714,0.942547,12.194402,2.006637,81.292503,true,true,true
localization_drift,localization_drift,localization_drift-s401,401,52.400000,0.325260,53.135834,0.906461,12.120427,2.038721,82.052187,true,true,true
localization_drift,localization_drift,localization_drift-s401,401,52.500000,0.337963,54.549912,0.910836,12.177491,2.011207,72.869323,true,true,true
localization_drift,localization_drift,localization_drift-s401,401,52.600000,0.350047,44.180682,0.897615,12.230613,1.996806,84.054822,true,true,true
localization_drift,localization_drift,localization_drift-s401,401,52.700000,0.329939,44.881095,0.891493,12.198167,1.990283,86.935824,true,true,true
localization_drift,localization_drift,localization_drift-s401,401,52.800000,0.342239,62.460324,0.911198,12.153659,2.009643,64.328494,true,true,true
localization_drift,localization_drift,localization_drift-s401,401,52.900000,0.347702,47.891149,0.922503,12.164161,2.028202,64.360701,true,true,true
localization_drift,localization_drift,localization_drift-s401,401,53.000000,0.343204,40.526619,0.926244,12.215694,2.019118,57.757699,true,true,true
localization_drift,localization_drift,localization_drift-s401,401,53.100000,0.325599,53.222192,0.929602,12.269056,2.074675,79.938214,true,true,true
localization_drift,localization_drift,localization_drift-s401,401,53.200000,0.364067,59.667205,0.945123,12.222257,2.007444,72.451456,true,true,true
localization_drift,localization_drift,localization_drift-s401,401,53.300000,0.375047,53.956630,0.940351,12.258291,2.035683,84.303564,true,true,true
localization_drift,localization_drift,localization_drift-s401,401,53.400000,0.364178,40.069431,0.924938,12.282560,1.995240,79.000681,true,true,true
localization_drift,localization_drift,localization_drift-s401,401,53.500000,0.355909,40.327667,0.888526,12.233115,2.028254,70.803706,true,true,true
localization_drift,localization_drift,localization_drift-s401,401,53.600000,0.344911,42.532012,0.921616,12.216798,2.007536,95.332937,true,true,true
localization_drift,localization_drift,localization_drift-s401,401,53.700000,0.368858,46.909831,0.899589,12.243259,2.062196,58.101668,true,true,true
localization_drift,localization_drift,localization_drift-s401,401,53.800000,0.339551,57.125719,0.929231,12.208304,2.050724,73.376740,true,true,true
localization_drift,localization_drift,localization_drift-s401,401,53.900000,0.330254,43.678808,0.917599,12.283684,2.046849,90.811156,true,true,true
localization_drift,localization_drift,localization_drift-s401,401,54.000000,0.335758,56.839552,0.916506,12.300817,2.028723,100.332570,true,true,true
localization_drift,localization_drift,localization_drift-s401,401,54.100000,0.323148,52.673828,0.933225,12.369699,2.039769,62.710305,true,true,true
localization_drift,localization_drift,localization_drift-s401,401,54.200000,0.337665,39.517917,0.952515,12.319874,2.018462,90.137791,true,true,true
localization_drift,localization_drift,localization_drift-s401,401,54.300000,0.345898,53.921583,0.910744,12.220108,2.070811,75.007109,true,true,true
localization_drift,localization_drift,localization_drift-s401,401,54.400000,0.338441,62.946762,0.964815,12.286470,2.048796,90.631961,true,true,true
localization_drift,localization_drift,localization_drift-s401,401,54.500000,0.342120,48.197406,0.893945,12.239863,2.061688,79.034245,true,true,true
localization_drift,localization_drift,localization_drift-s401,401,54.600000,0.343069,35.169071,0.940658,12.272793,2.076543,75.140505,true,true,true
localization_drift,localization_drift,localization_drift-s401,401,54.700000,0.336473,49.454201,0.888514,12.309110,2.041582,91.213938,true,true,true
localization_drift,localization_drift,localization_drift-s401,401,54.800000,0.349694,49.238008,0.953344,12.313741,2.064256,67.872746,true,true,true
localization_drift,localization_drift,localization_drift-s401,401,54.900000,0.341260,40.206367,0.920993,12.299263,2.082823,69.070267,true,true,true
localization_drift,localization_drift,localization_drift-s401,401,55.000000,0.346504,47.421820,0.958356,12.372270,2.067656,74.605986,true,true,true
localization_drift,localization_drift,localization_drift-s401,401,55.100000,0.333024,50.830204,0.900869,12.366329,2.094123,84.560695,true,true,true
localization_drift,localization_drift,localization_drift-s401,401,55.200000,0.343474,40.685050,0.920129,12.332727,2.060569,87.772945,true,true,true
localization_drift,localization_drift,localization_drift-s401,401,55.300000,0.358506,41.841655,0.909618,12.313327,2.041193,74.333016,true,true,true
localization_drift,localization_drift,localization_drift-s401,401,55.400000,0.343287,62.345318,0.904093,12.310124,2.065206,94.811306,true,true,true
localization_drift,localization_drift,localization_drift-s401,401,55.500000,0.361839,55.581795,0.900832,12.333780,2.064930,70.948960,true,true,true
localization_drift,localization_drift,localization_drift-s401,401,55.600000,0.339596,52.445931,0.914608,12.318922,2.105780,88.959416,true,true,true
localization_drift,localization_drift,localization_drift-s401,401,55.700000,0.329132,39.792661,0.897299,12.293981,2.096225,55.022324,true,true,true
localization_drift,localization_drift,localization_drift-s401,401,55.800000,0.370727,38.671576,0.917299,12.311623,2.062809,91.236180,true,true,true
localization_drift,localization_drift,localization_drift-s401,401,55.900000,0.310180,66.347529,0.916156,12.289910,2.086441,78.200266,true,true,true
localization_drift,localization_drift,localization_drift-s401,401,56.000000,0.338983,50.825211,0.896130,12.324804,2.113585,90.359382,true,true,true
localization_drift,localization_drift,localization_drift-s401,401,56.100000,0.330075,52.723878,0.915308,12.381032,2.082652,55.799437,true,true,true
localization_drift,localization_drift,localization_drift-s401,401,56.200000,0.336752,52.276269,0.923189,12.404767,2.077674,53.929767,true,true,true
localization_drift,localization_drift,localization_drift-s401,401,56.300000,0.323983,58.923146,0.898752,12.337214,2.129779,59.412119,true,true,true
localization_drift,localization_drift,localization_drift-s401,401,56.400000,0.333361,48.212670,0.905393,12.292030,2.080702,50.770046,true,true,true
localization_drift,localization_drift,localization_drift-s401,401,56.500000,0.356646,52.729342,0.919697,12.321291,2.098973,82.885333,true,true,true
localization_drift,localization_drift,localization_drift-s401,401,56.600000,0.347025,58.577363,0.936853,12.318244,2.079565,85.257897,true,true,true
localization_drift,localization_drift,localization_drift-s401,401,56.700000,0.333846,51.086694,0.925244,12.331590,2.082368,62.110307,true,true,true
localization_drift,localization_drift,localization_drift-s401,401,56.800000,0.351430,44.647184,0.916862,12.316023,2.106012,73.903484,true,true,true
localization_drift,localization_drift,localization_drift-s401,401,56.900000,0.356803,51.713693,0.923249,12.347128,2.111435,88.627473,true,true,true
localization_drift,localization_drift,localization_drift-s401,401,57.000000,0.350708,58.214490,0.914328,12.437285,2.091688,77.157364,true,true,true
localization_drift,localization_drift,localization_drift-s401,401,57.100000,0.339725,34.110079,0.902411,12.317749,2.092466,72.663831,true,true,true
localization_drift,localization_drift,localization_drift-s401,401,57.200000,0.322762,55.637118,0.923080,12.390621,2.104718,76.087052,true,true,true
localization_drift,localization_drift,localization_drift-s401,401,57.300000,0.339222,46.397965,0.922668,12.330470,2.131082,62.936642,true,true,true
localization_drift,localization_drift,localization_drift-s401,401,57.400000,0.330002,54.133994,0.920051,12.260206,2.099773,68.937409,true,true,true
localization_drift,localization_drift,localization_drift-s401,401,57.500000,0.341018,48.266411,0.928853,12.242285,2.106891,80.702443,true,true,true
localization_drift,localization_drift,localization_drift-s401,401,57.600000,0.315956,38.244947,0.927339,12.378812,2.167495,98.097800,true,true,true
localization_drift,localization_drift,localization_drift-s401,401,57.700000,0.326083,41.840918,0.929761,12.331451,2.143372,80.186081,true,true,true
localization_drift,localization_drift,localization_drift-s401,401,57.800000,0.346304,48.118996,0.922888,12.292985,2.165183,104.096237,true,true,true
localization_drift,localization_drift,localization_drift-s401,401,57.900000,0.353894,45.903796,0.921463,12.327384,2.124773,97.016933,true,true,true
localization_drift,localization_drift,localization_drift-s401,401,58.000000,0.327787,41.808404,0.932182,12.346717,2.153881,86.240515,true,true,true
localization_drift,localization_drift,localization_drift-s401,401,58.100000,0.349317,41.610387,0.919333,12.326177,2.144967,91.986014,true,true,true
localization_drift,localization_drift,localization_drift-s401,401,58.200000,0.343783,48.230667,0.915474,12.344338,2.131531,56.593045,true,true,true
localization_drift,localization_drift,localization_drift-s401,401,58.300000,0.327503,57.673190,0.936909,12.336991,2.123734,84.564278,true,true,true
localization_drift,localization_drift,localization_drift-s401,401,58.400000,0.330896,42.709600,0.933382,12.299544,2.185094,53.189896,true,true,true
localization_drift,localization_drift,localization_drift-s401,401,58.500000,0.327450,49.126866,0.902123,12.356290,2.191529,79.044240,true,true,true
localization_drift,localization_drift,localization_drift-s401,401,58.600000,0.352258,43.292316,0.940544,12.295453,2.172763,108.950010,true,true,true
localization_drift,localization_drift,localization_drift-s401,401,58.700000,0.360328,40.594297,0.924244,12.297238,2.193469,90.057997,true,true,true
localization_drift,localization_drift,localization_drift-s401,401,58.800000,0.357133,46.529608,0.931220,12.317684,2.170440,77.627848,true,true,true
localization_drift,localization_drift,localization_drift-s401,401,58.900000,0.324712,52.318268,0.927955,12.303400,2.105594,67.025403,true,true,true
localization_drift,localization_drift,localization_drift-s401,401,59.000000,0.329614,59.936939,0.917645,12.255597,2.099879,76.330726,true,true,true
localization_drift,localization_drift,localization_drift-s401,401,59.100000,0.334540,50.740583,0.934930,12.293363,2.152786,66.655017,true,true,true
localization_drift,localization_drift,localization_drift-s401,401,59.200000,0.317671,45.562319,0.895843,12.303404,2.180733,69.987203,true,true,true
localization_drift,localization_drift,localization_drift-s401,401,59.300000,0.340821,56.048406,0.915902,12.310210,2.175567,96.432027,true,true,true
localization_drift,localization_drift,localization_drift-s401,401,59.400000,0.354036,53.636391,0.927105,12.210212,2.180192,82.174255,true,true,true
localization_drift,localization_drift,localization_drift-s401,401,59.500000,0.318138,45.541231,0.905357,12.244988,2.180484,89.570210,true,true,true
localization_drift,localization_drift,localization_drift-s401,401,59.600000,0.355614,49.015119,0.934109,12.211987,2.181417,77.023918,true,true,true
localization_drift,localization_drift,localization_drift-s401,401,59.700000,0.336318,52.935454,0.923443,12.203869,2.185445,59.080607,true,true,true
localization_drift,localization_drift,localization_drift-s401,401,59.800000,0.340483,53.233298,0.931948,12.223526,2.135385,65.447967,true,true,true
localization_drift,localization_drift,localization_drift-s401,401,59.900000,0.329303,41.166580,0.928625,12.221411,2.197542,67.561680,true,true,true
